Предложение,Ссылка,Цена за 1000 символов
"Напишу статью с помощью нейросети быстро, качественно, по SEO",https://kwork.ru/textgeneration/43856849/napishu-statyu-s-pomoshchyu-neyroseti-bystro-kachestvenno-po-seo,63₽ за 1 000 зн.
"Тексты, созданные нейросетями: контент, реклама",https://kwork.ru/textgeneration/46301093/teksty-sozdannie-neyrosetyami-kontent-reklama,250₽ за 1 000 зн.
"Perplexity Ai Pro личная подписка на 1 год. C ChatGPT, Claude и другие",https://kwork.ru/textgeneration/46543798/perplexity-ai-pro-lichnaya-podpiska-na-1-god-c-chatgpt-claude-i-drugie,2 000₽ за 1 000 зн.
Напишу 5 продающих постов для соцсетей с помощью AI,https://kwork.ru/textgeneration/46042111/napishu-5-prodayushchikh-postov-dlya-sotssetey-s-pomoshchyu-ai,333₽ за 1 000 зн.
1000 статей сгенерированных с помощью ИИ на любом языке,https://kwork.ru/textgeneration/21123468/1000-statey-sgenerirovannykh-s-pomoshchyu-ii-na-lyubom-yazyke,100₽ за 1 000 зн.
Напишу промт для нейрофотосессии под ваш запрос,https://kwork.ru/textgeneration/45520965/napishu-promt-dlya-neyrofotosessii-pod-vash-zapros,1 500₽ за 1 000 зн.
AI контент: тексты и трендовые картинки для соцсетей,https://kwork.ru/textgeneration/45704083/ai-kontent-teksty-i-trendovie-kartinki-dlya-sotssetey,2 000₽ за 1 000 зн.
"Напишу сценарий для игры, комикса или короткометражного фильма",https://kwork.ru/textgeneration/45089631/napishu-stsenariy-dlya-igry-komiksa-ili-korotkometrazhnogo-filma,143₽ за 1 000 зн.
Генерация текстов любой сложности на русском или английском языках,https://kwork.ru/textgeneration/46688516/generatsiya-tekstov-lyuboy-slozhnosti-na-russkom-ili-angliyskom-yazykakh,500₽ за 1 000 зн.
Написание качественных ИИ статей,https://kwork.ru/textgeneration/43930196/napisanie-kachestvennykh-ii-statey,500₽ за 1 000 зн.
Напишу СЕО текст на любую тему с помощью chatGPT,https://kwork.ru/textgeneration/24595666/napishu-seo-tekst-na-lyubuyu-temu-s-pomoshchyu-chatgpt,50₽ за 1 000 зн.
ИИ-генерация статей и текстов,https://kwork.ru/textgeneration/44466247/ii-generatsiya-statey-i-tekstov,167₽ за 1 000 зн.
"Копирайтинг и рерайтинг текстов: быстро, грамотно и в вашем стиле",https://kwork.ru/textgeneration/46425504/kopirayting-i-rerayting-tekstov-bystro-gramotno-i-v-vashem-stile,250₽ за 1 000 зн.
Живой копирайтинг с использованием нейросетей. ИИ тексты для бизнеса,https://kwork.ru/textgeneration/44736107/zhivoy-kopirayting-s-ispolzovaniem-neyrosetey-ii-teksty-dlya-biznesa,250₽ за 1 000 зн.
Написание текстов с помощью нейросетей: быстро и качественно,https://kwork.ru/textgeneration/44309576/napisanie-tekstov-s-pomoshchyu-neyrosetey-bystro-i-kachestvenno,83₽ за 1 000 зн.
"Пишу ИИ-тексты для сайтов, блогов, соцсетей и статей",https://kwork.ru/textgeneration/44065995/pishu-ii-teksty-dlya-saytov-blogov-sotssetey-i-statey,500₽ за 1 000 зн.
Уникальные статьи и посты с помощью нейросетей нового поколения,https://kwork.ru/textgeneration/45047936/unikalnie-stati-i-posty-s-pomoshchyu-neyrosetey-novogo-pokoleniya,286₽ за 1 000 зн.
Массовая генерация уникальных текстов под ключ,https://kwork.ru/textgeneration/44479129/massovaya-generatsiya-unikalnykh-tekstov-pod-klyuch,10₽ за 1 000 зн.
Быстрое и качественное создание текстов,https://kwork.ru/textgeneration/45836596/bystroe-i-kachestvennoe-sozdanie-tekstov,200₽ за 1 000 зн.
"Напишу ИИ тексты под ГАР с ручной редактурой и SEO, LSI",https://kwork.ru/textgeneration/45914844/napishu-ii-teksty-pod-gar-s-ruchnoy-redakturoy-i-seo-lsi,50₽ за 1 000 зн.
Искусственный Интеллект: Новый Век Генерации Статей,https://kwork.ru/textgeneration/46212188/iskusstvenniy-intellekt-noviy-vek-generatsii-statey,250₽ за 1 000 зн.
Текст с помощью ИИ - 5000+ симв,https://kwork.ru/textgeneration/23961136/tekst-s-pomoshchyu-ii-5000-simv,100₽ за 1 000 зн.
Напишу образовательный курс или гайд с нуля под ключ с помощью AI,https://kwork.ru/textgeneration/46437993/napishu-obrazovatelniy-kurs-ili-gayd-s-nulya-pod-klyuch-s-pomoshchyu-ai,400₽ за 1 000 зн.
Генерация статей и текстов через chat GPT,https://kwork.ru/textgeneration/27381673/generatsiya-statey-i-tekstov-cherez-chat-gpt,167₽ за 1 000 зн.
